"GeneSymbol","chronotype","insomnia","sleepDuration","sleepiness"
"AAGAB",0,2,0,0
"AAK1",2,0,0,0
"AARD",1,0,0,0
"ABCA12",0,0,0,1
"ABCA13",1,0,0,0
"ABCD2",2,0,0,0
"ABCG5",1,0,0,0
"ABCG8",1,0,0,0
"ABHD14A",1,0,0,0
"ABHD14B",1,0,0,0
"ABL2",1,0,0,0
"ABT1",0,0,2,0
"ABTB2",1,0,0,0
"ACACA",1,0,0,0
"ACACB",0,1,0,0
"ACAD10",2,0,0,0
"ACAD11",1,0,0,0
"ACADL",0,0,1,1
"ACADM",1,0,0,0
"ACADSB",0,0,1,0
"ACAP3",0,1,0,0
"ACBD4",0,3,2,2
"ACCS",0,0,1,0
"ACCSL",0,0,1,0
"ACE",1,0,0,0
"ACKR3",0,0,0,1
"ACO2",1,0,0,0
"ACOD1",1,0,0,0
"ACP2",0,2,0,0
"ACTR1A",0,2,0,0
"ACTR2",0,1,0,0
"ACVR2A",1,0,1,0
"ADAM11",0,1,1,2
"ADAM12",0,0,1,1
"ADAMTS10",0,0,1,0
"ADAMTSL4",2,0,0,0
"ADAP1",0,1,0,0
"ADCYAP1R1",1,0,0,0
"ADGRD2",2,0,0,0
"ADGRL2",1,0,0,0
"ADGRL3",2,0,0,0
"ADGRL4",2,0,0,0
"ADGRV1",1,1,0,0
"ADO",0,0,1,0
"ADSL",2,0,0,0
"AGAP1",0,0,0,1
"AGMAT",2,0,0,0
"AGTPBP1",1,0,0,0
"AGXT2",1,0,0,0
"AHCYL1",1,0,0,0
"AHNAK",0,0,1,0
"AHSA2P",2,0,0,0
"AHSG",1,0,0,0
"AIDA",0,0,0,1
"AK5",3,0,0,0
"AK9",1,0,0,0
"AKAIN1",1,0,0,0
"AKIRIN2",0,0,1,0
"AKR1B1",1,0,1,0
"AKR1B10",1,0,1,0
"AKR1B15",1,0,1,0
"AKTIP",0,1,1,0
"ALAS1",1,0,0,0
"ALDH1A1",1,0,0,0
"ALDH2",2,0,0,0
"ALG10",2,0,0,0
"ALG10B",3,0,0,0
"ALG14",1,0,1,0
"ALKBH3",0,0,1,0
"ALKBH4",1,0,0,0
"ALOXE3",1,0,0,0
"ALX3",1,0,0,0
"AMFR",0,0,2,0
"AMIGO1",2,0,0,0
"AMIGO3",1,2,0,0
"AMOTL2",0,0,1,0
"AMPD2",1,0,0,0
"AMT",2,2,0,0
"ANAPC13",0,0,1,0
"ANGPTL2",0,0,0,1
"ANGPTL6",0,0,1,0
"ANKAR",1,0,0,0
"ANKFN1",1,0,0,0
"ANKK1",0,0,1,0
"ANKMY1",1,0,0,0
"ANKRD28",1,0,0,0
"ANKRD44",2,0,0,0
"ANKRD45",2,0,0,0
"ANKRD6",0,0,1,0
"ANKS1A",0,0,1,0
"ANO6",1,0,0,0
"ANP32A",0,1,0,0
"ANP32E",1,0,0,0
"ANTXR2",0,0,1,0
"ANXA1",1,0,0,0
"ANXA4",1,0,0,0
"ANXA9",2,0,0,0
"AOC2",0,0,1,1
"AP1G1",1,0,0,0
"AP1M2",2,0,0,0
"AP2B1",3,0,0,0
"AP3B2",0,0,0,2
"AP5B1",1,0,0,0
"APEH",2,1,0,0
"APH1A",2,0,0,0
"APOB",1,0,0,0
"APOBEC3A",1,0,0,0
"APOBEC3B",1,0,0,0
"AQP8",1,0,0,0
"ARHGAP15",3,0,0,0
"ARHGAP17",1,0,0,0
"ARHGAP27",0,0,3,3
"ARHGEF15",1,0,0,0
"ARID2",2,0,0,0
"ARIH2",2,2,0,0
"ARIH2OS",0,1,0,0
"ARL14",1,0,0,0
"ARL14EP",2,0,1,0
"ARL17A",0,0,1,2
"ARL17B",0,0,3,3
"ARL3",0,2,0,0
"ARL5B",0,0,1,0
"ARMC1",0,0,0,1
"ARMC10",2,0,0,0
"ARMC3",0,0,1,0
"ARNT",2,0,0,0
"ARPC5L",0,0,0,1
"ARRDC1",0,0,2,0
"ARRDC1-AS1",0,0,2,0
"ARRDC3",1,0,0,0
"AS3MT",0,3,0,0
"ASAP1",0,0,0,3
"ASAP2",0,0,1,0
"ASB1",3,0,0,0
"ASB17",1,0,0,0
"ASB6",1,0,0,0
"ASB8",1,0,0,0
"ASCC3",0,3,0,0
"ASCL4",1,0,0,0
"ASIC2",1,0,0,0
"ASNSD1",1,0,0,0
"ASPRV1",1,0,0,0
"ASS1",1,0,0,0
"ASZ1",1,1,1,0
"ATAD2B",3,0,0,0
"ATF4",1,0,0,0
"ATF7",1,0,0,0
"ATG4D",2,0,0,0
"ATOX1",1,0,0,0
"ATP2B1",2,0,0,0
"ATP5F1B",1,0,0,0
"ATP5MC1",1,0,1,0
"ATP5MC2",1,0,0,0
"ATP5MD",0,1,0,0
"ATP6V1A",1,0,0,0
"ATP6V1E2",0,0,0,3
"ATPAF2",1,0,0,2
"ATRAID",0,0,0,1
"ATRIP",2,2,0,0
"ATXN1L",2,0,0,0
"ATXN7L2",2,0,0,0
"AURKB",1,0,0,0
"AVL9",2,0,0,0
"AVPR1A",1,0,0,0
"AXDND1",2,0,0,0
"B3GALNT1",2,0,0,0
"B3GALT4",0,0,1,0
"B3GAT3",0,0,2,0
"B3GNT2",2,0,0,0
"B4GALNT2",1,0,1,0
"BAK1",0,0,2,0
"BANF1",1,0,0,0
"BANK1",0,0,1,0
"BARHL2",2,0,0,2
"BAX",1,0,0,0
"BAZ2A",1,0,0,0
"BBOX1",0,0,1,0
"BBS1",1,0,0,0
"BBS9",1,0,0,0
"BCAT1",1,0,0,0
"BCAT2",1,0,0,0
"BCCIP",0,0,0,1
"BCL11A",2,1,1,0
"BCL11B",1,0,0,0
"BDH2",0,0,1,0
"BDNF",2,0,1,0
"BECN1",0,0,1,1
"BEGAIN",2,0,0,0
"BEST1",0,0,2,0
"BFSP2",1,0,1,0
"BHLHE22",0,0,0,2
"BICC1",3,0,0,0
"BLID",1,0,0,0
"BLK",0,0,1,0
"BLOC1S1",1,0,0,0
"BMI1",0,0,1,0
"BMP3",0,0,1,0
"BMP5",1,0,1,1
"BNC1",0,0,0,1
"BNIPL",1,0,0,0
"BOLL",1,0,0,0
"BORCS6",2,0,0,0
"BORCS7",0,2,0,0
"BORCS7-ASMT",0,2,0,0
"BPGM",1,0,1,0
"BRAP",2,0,0,0
"BRD8",0,0,2,0
"BRMS1",1,0,0,0
"BROX",0,0,0,1
"BSN",1,2,0,0
"BSX",1,0,1,0
"BTBD11",1,0,0,0
"BTBD18",1,0,0,0
"BTBD8",1,0,0,1
"BTN1A1",0,0,2,0
"BTN2A2",0,0,2,0
"BTN3A1",0,0,1,0
"BTN3A2",0,0,2,0
"BTN3A3",0,0,1,0
"BTRC",0,0,2,0
"BUB3",0,0,1,0
"BUD13",0,0,1,0
"BVES",0,1,0,0
"C10orf120",0,0,1,0
"C10orf90",0,0,0,1
"C10orf95",0,1,0,0
"C11orf49",0,1,0,0
"C11orf58",2,0,0,0
"C11orf71",0,0,1,0
"C11orf91",1,0,0,0
"C11orf96",0,0,1,0
"C12orf40",1,0,0,0
"C12orf43",1,0,0,0
"C12orf56",1,0,0,0
"C14orf177",1,0,0,0
"C15orf40",0,0,0,2
"C15orf48",1,0,1,0
"C15orf61",0,3,0,0
"C16orf97",1,1,0,0
"C17orf102",1,0,0,0
"C17orf50",1,0,0,0
"C17orf58",0,0,1,1
"C17orf67",1,0,0,0
"C18orf54",0,1,1,0
"C19orf38",1,0,0,0
"C1D",1,1,0,0
"C1orf105",1,0,0,0
"C1orf141",0,0,1,0
"C1orf194",1,0,0,0
"C1orf220",1,0,0,0
"C1orf54",2,0,0,0
"C1orf56",1,0,0,0
"C1orf94",0,0,1,0
"C1QL1",0,1,1,1
"C1QTNF4",0,2,1,0
"C22orf46",1,0,0,0
"C2CD4D",0,1,0,0
"C2orf16",0,0,0,2
"C2orf42",2,0,0,0
"C2orf66",1,0,0,0
"C2orf69",1,0,0,0
"C2orf74",2,0,0,0
"C2orf80",0,0,1,0
"C2orf88",1,0,0,0
"C3orf18",3,0,0,0
"C3orf36",0,0,1,0
"C3orf62",1,2,0,0
"C3orf84",1,2,0,0
"C6orf163",0,0,1,0
"C6orf226",0,0,1,0
"C7orf31",1,0,0,0
"C7orf50",0,2,0,0
"C8A",0,1,1,0
"C8B",0,1,1,0
"C8orf49",0,0,1,0
"C9orf129",0,1,0,0
"C9orf163",2,0,0,0
"C9orf40",1,0,0,0
"C9orf50",1,0,0,0
"C9orf64",2,0,0,0
"CA10",3,0,1,0
"CA14",2,0,0,0
"CACNA1I",1,0,0,0
"CACNA2D2",3,1,0,0
"CACNG1",1,0,0,0
"CACNG3",1,0,1,0
"CACNG5",1,0,0,0
"CACYBP",1,0,0,0
"CADM2",1,0,0,2
"CALCA",1,0,0,0
"CALCB",1,0,0,0
"CALCOCO1",1,0,0,0
"CALCOCO2",1,0,1,0
"CALHM1",0,1,0,0
"CALHM2",0,2,0,0
"CALHM3",0,1,0,0
"CALM2",0,0,0,1
"CALML4",0,1,0,0
"CALML6",0,1,0,0
"CAMKMT",3,0,0,0
"CAMKV",3,3,0,0
"CAMP",1,0,0,0
"CAPN2",0,0,0,1
"CAPN8",0,0,0,1
"CAPNS1",0,1,0,0
"CAPNS2",1,0,1,0
"CAPSL",1,0,0,0
"CARD9",2,0,0,0
"CARM1",2,0,0,0
"CARMIL1",0,0,1,0
"CARNMT1",1,0,0,0
"CASP9",2,0,0,0
"CAV2",0,0,1,0
"CBWD2",0,1,2,0
"CBX1",1,0,2,0
"CBX5",2,0,0,0
"CBX6",1,0,0,0
"CCDC103",0,0,1,2
"CCDC121",0,0,0,1
"CCDC126",1,0,0,0
"CCDC134",2,0,0,0
"CCDC167",0,2,0,0
"CCDC170",1,0,0,0
"CCDC184",1,0,0,0
"CCDC191",1,0,0,0
"CCDC33",0,1,0,0
"CCDC34",0,0,1,0
"CCDC39",1,0,0,0
"CCDC43",0,0,1,1
"CCDC47",1,0,0,0
"CCDC51",1,1,0,0
"CCDC59",0,1,0,0
"CCDC60",0,0,1,1
"CCDC71",1,2,0,0
"CCDC8",1,0,0,0
"CCDC85A",0,1,1,0
"CCDC85B",1,0,0,0
"CCER1",1,0,0,0
"CCL1",1,0,0,0
"CCL11",1,0,0,0
"CCL13",1,0,0,0
"CCL16",1,0,0,0
"CCL2",1,0,0,0
"CCL7",1,0,0,0
"CCL8",1,0,0,0
"CCN4",0,0,0,1
"CCNH",1,1,0,0
"CCNK",1,0,0,0
"CCNL1",1,0,0,0
"CCS",1,0,0,0
"CCSER1",0,2,1,0
"CCT4",1,0,0,0
"CCT6B",1,0,0,0
"CD248",1,0,0,0
"CD59",1,0,0,0
"CDC23",0,0,2,0
"CDC25A",1,1,0,0
"CDC25C",0,0,2,0
"CDC27",0,0,1,1
"CDC42SE1",1,0,0,0
"CDC7",1,0,0,1
"CDH8",1,1,0,0
"CDHR4",2,1,0,0
"CDK11A",0,1,0,0
"CDK5RAP3",3,0,1,0
"CDKN2D",1,0,0,0
"CELA2A",1,0,0,0
"CELA3A",1,0,0,0
"CELF1",0,1,0,0
"CELF3",0,1,0,0
"CELSR2",1,0,0,0
"CELSR3",1,2,0,0
"CEMIP2",1,0,0,0
"CENPE",0,1,0,0
"CENPL",1,0,0,0
"CENPM",1,0,0,0
"CENPO",1,0,0,0
"CEP152",0,0,1,0
"CEP290",1,0,0,0
"CEP63",0,0,1,0
"CERS2",2,0,0,0
"CES1",1,0,1,0
"CES5A",1,0,1,0
"CETN3",1,1,0,0
"CFAP206",0,0,1,0
"CFAP299",1,0,1,0
"CFAP300",0,0,1,0
"CFAP74",0,1,0,0
"CFL1",1,0,0,0
"CGA",0,0,1,0
"CGB2",1,0,0,0
"CGN",0,1,0,0
"CHAC2",1,0,0,0
"CHCHD3",1,0,2,0
"CHCHD5",0,0,1,0
"CHD3",1,0,0,0
"CHD9",0,1,0,0
"CHP2",1,0,1,0
"CHST12",0,1,0,0
"CHURC1",0,0,1,0
"CIART",1,0,0,0
"CILK1",1,0,1,0
"CISH",2,0,0,0
"CKAP2L",0,1,1,0
"CLCA1",0,1,0,0
"CLCA2",0,1,0,0
"CLCNKA",1,0,0,0
"CLCNKB",1,0,0,0
"CLDN18",0,0,1,0
"CLDN23",2,0,1,0
"CLDN25",0,0,1,0
"CLLU1",1,0,0,0
"CLLU1-AS1",1,0,0,0
"CLN5",3,0,0,0
"CLP1",1,0,0,0
"CLRN2",0,0,1,0
"CLRN3",0,0,0,1
"CMKLR1",1,0,0,0
"CMPK2",1,0,1,0
"CMTR1",0,1,0,0
"CMTR2",1,0,0,0
"CNEP1R1",0,1,0,0
"CNIH2",2,0,0,0
"CNKSR3",1,0,0,0
"CNN3",1,0,0,0
"CNNM2",0,3,0,0
"CNTF",2,0,0,0
"CNTROB",1,0,0,0
"COBL",1,0,0,0
"COG7",1,0,0,0
"COL6A3",1,0,0,0
"COMMD1",1,0,0,0
"COMMD3",0,0,1,0
"COMMD3-BMI1",0,0,1,0
"COMMD6",1,0,0,0
"COPB1",1,0,0,0
"COPS8",1,0,0,1
"COPS9",1,0,0,0
"COPZ1",1,0,0,0
"COPZ2",3,0,1,0
"COQ10B",1,0,0,0
"COQ2",1,0,0,0
"COQ5",3,0,0,0
"CORO6",0,1,0,0
"COX11",1,0,1,0
"COX19",0,2,0,0
"COX6A1",2,0,0,0
"COX7C",1,1,0,0
"CPD",0,1,0,0
"CPEB1",0,0,0,3
"CPLANE2",1,0,0,0
"CPNE8",3,0,0,0
"CPS1",0,0,1,1
"CPXM2",0,0,1,0
"CRAT",3,0,0,0
"CRHR1",0,0,3,3
"CRHR2",1,0,0,0
"CRIPT",0,0,0,2
"CRTAM",1,0,1,0
"CRY1",1,0,0,0
"CRYBG1",0,1,0,0
"CRYGS",1,0,0,0
"CRYM",1,0,0,0
"CSDC2",1,0,0,0
"CSF1",1,0,0,0
"CSMD1",2,0,0,0
"CSMD2",0,0,2,0
"CSRP1",0,1,0,1
"CSRP3",1,0,0,0
"CST6",1,0,0,0
"CSTF3",1,0,0,0
"CTC1",2,0,1,0
"CTH",1,0,0,0
"CTNNA1",0,0,1,2
"CTNNA2",1,0,0,0
"CTNND1",1,0,0,0
"CTSB",0,0,1,0
"CTSF",1,0,0,0
"CTSK",2,0,0,0
"CTSS",2,0,0,0
"CTSW",1,0,0,0
"CTXN2",1,0,1,0
"CUL7",0,0,1,0
"CUL9",0,0,3,0
"CUTA",0,0,3,0
"CUX1",1,0,0,0
"CUZD1",0,0,1,0
"CXCL14",0,1,0,0
"CXXC4",0,1,0,0
"CYB561",2,0,0,0
"CYB561D1",1,0,0,0
"CYB561D2",2,2,0,0
"CYB5D1",1,0,0,0
"CYLD",1,1,0,0
"CYP11A1",0,1,0,0
"CYP17A1",0,1,0,0
"CYP2D6",2,0,0,0
"CYP2J2",0,1,1,0
"CYP2R1",1,0,0,0
"CYP2W1",0,2,0,0
"CYP7B1",0,0,0,3
"CYRIB",0,0,0,1
"CYSRT1",1,0,0,0
"DAB1",0,3,3,0
"DAG1",0,1,0,0
"DAGLA",0,0,2,0
"DALRD3",2,3,0,0
"DAPP1",0,0,1,0
"DARS2",1,0,0,0
"DAXX",0,0,2,0
"DAZL",1,0,0,0
"DBF4B",0,0,2,2
"DBN1",1,0,1,0
"DBX1",1,0,0,0
"DBX2",1,0,0,0
"DCAF16",0,0,1,0
"DCAF7",1,0,0,0
"DCAKD",0,2,2,2
"DCANP1",0,1,0,0
"DCN",1,0,0,0
"DCT",1,0,0,0
"DCTN5",1,0,0,0
"DDB2",0,1,0,0
"DDC",3,0,0,0
"DDI2",3,0,0,0
"DDIT4L",0,0,1,0
"DDO",1,0,0,0
"DDX41",0,0,1,0
"DDX42",1,0,0,0
"DDX52",1,0,0,0
"DEFB134",0,0,1,0
"DENND1A",3,0,0,0
"DENND1C",1,0,0,0
"DEPDC1",1,0,0,0
"DESI1",1,0,0,0
"DGKE",1,0,0,0
"DGKG",2,0,0,0
"DHODH",3,0,0,0
"DHX32",0,0,0,1
"DHX38",3,0,0,0
"DIPK1B",1,0,0,0
"DIS3L",0,1,0,0
"DISP1",0,0,0,1
"DLK2",0,0,1,0
"DLX5",2,0,0,0
"DLX6",2,0,0,0
"DMAC1",1,0,0,0
"DMXL1",1,0,0,0
"DNAI1",1,0,0,0
"DNAJB11",1,0,0,0
"DNAJB14",0,0,1,0
"DNAJB7",1,0,0,0
"DNAJC1",0,0,2,0
"DNAJC13",1,0,0,0
"DNAJC16",2,0,0,0
"DNAJC18",0,0,1,1
"DNAJC19",1,0,0,0
"DNAJC2",3,0,0,0
"DNAJC27",1,0,0,0
"DNAJC6",0,0,1,0
"DNLZ",1,0,0,0
"DNM2",1,0,0,0
"DNM3",1,0,0,0
"DNPH1",0,0,2,0
"DOCK1",0,0,0,3
"DOCK3",3,1,0,0
"DOK3",1,0,1,0
"DOLPP1",2,0,0,0
"DPCD",0,0,3,0
"DPF1",0,1,0,0
"DPH7",0,0,1,0
"DPYD",2,0,1,0
"DRC3",0,0,0,1
"DRD3",1,0,0,0
"DRG2",1,0,0,1
"DTWD2",1,0,0,0
"DTX4",1,0,0,0
"DUS3L",2,0,0,0
"DUSP14",1,0,0,0
"DUSP26",1,0,0,0
"DUSP28",1,0,0,0
"DUSP6",1,0,0,0
"DUT",1,0,1,0
"DYNC1I1",1,0,0,0
"DYNLL1",2,0,0,0
"DYRK1B",0,1,0,0
"E2F8",1,0,0,0
"EBLN1",0,0,1,0
"ECE1",1,0,0,0
"ECM1",3,0,0,0
"ECSIT",1,0,0,0
"EDN1",1,0,0,0
"EDRF1",0,0,0,1
"EEA1",1,0,0,0
"EEF1AKNMT",1,0,0,0
"EEF1G",0,0,1,0
"EEF2K",1,0,0,0
"EFCAB13",1,0,3,1
"EFEMP1",0,1,1,0
"EFEMP2",1,0,0,0
"EFHB",1,0,0,0
"EFHD2",2,0,0,0
"EFNA5",1,1,0,0
"EFR3A",0,0,0,1
"EFTUD2",0,1,2,2
"EGFL7",1,0,0,0
"EGR1",0,0,1,0
"EGR2",0,0,1,0
"EHBP1L1",1,0,0,0
"EHMT1",0,0,3,0
"EIF3G",0,0,1,0
"EIF3H",1,0,0,0
"EIF3M",1,0,0,0
"EIF4G3",3,0,0,0
"ELAPOR1",1,0,0,0
"ELAVL3",1,0,0,0
"ELF1",0,0,0,2
"ELF3",0,1,0,1
"ELFN1",0,0,2,0
"ELOVL2",1,0,0,0
"ELOVL3",0,1,0,0
"ELP4",1,0,0,0
"EMCN",0,0,1,0
"EML3",0,0,1,0
"EML4",0,0,1,0
"ENDOU",1,0,0,0
"ENOPH1",1,0,0,0
"ENSA",2,0,0,0
"ENTHD1",1,0,0,0
"ENTR1",2,0,0,0
"EPAS1",1,0,0,1
"EPC2",3,0,0,0
"EPHB1",0,0,1,0
"EPRS1",1,1,0,0
"EPS8L3",1,0,0,0
"EPYC",1,0,0,0
"ERBB4",0,0,0,2
"ERFE",2,0,0,0
"ERI1",3,0,2,0
"ERLIN1",0,0,1,0
"ERN2",1,0,0,0
"ERP29",1,0,0,0
"ERVFRD-1",1,0,0,0
"ESYT1",1,0,0,0
"ETAA1",1,1,0,0
"ETF1",0,0,1,0
"ETV5",1,0,0,0
"EXOC4",2,0,1,0
"EXT2",0,0,1,0
"F12",1,0,1,0
"FADS1",0,0,2,0
"FADS2",0,0,2,0
"FADS3",0,0,2,0
"FAF2",1,0,0,0
"FAM111A",1,0,0,0
"FAM111B",1,0,0,0
"FAM114A2",1,0,0,0
"FAM120A",0,2,0,0
"FAM120AOS",0,2,0,0
"FAM131C",1,0,0,0
"FAM161A",1,0,0,0
"FAM167A",0,0,1,0
"FAM167A-AS1",0,0,2,0
"FAM171A2",0,0,1,1
"FAM172A",0,0,0,1
"FAM177B",0,0,0,1
"FAM180B",0,2,1,0
"FAM184B",0,0,1,0
"FAM185A",3,0,0,0
"FAM187A",0,0,1,2
"FAM193A",2,0,0,0
"FAM20B",2,0,0,0
"FAM219A",1,0,0,0
"FAM221A",1,0,0,0
"FAM222A",0,1,1,0
"FAM228A",1,0,0,0
"FAM228B",2,0,0,0
"FAM24B",0,0,1,0
"FAM53C",0,0,3,0
"FAM83B",3,0,3,1
"FAM83E",1,0,0,0
"FAM83F",1,0,0,0
"FAM86B1",0,0,2,0
"FAM89B",1,0,0,0
"FANCL",0,0,2,0
"FANK1",0,0,0,1
"FASLG",1,0,0,0
"FAT2",1,0,0,0
"FAU",1,0,0,0
"FBL",0,1,0,0
"FBLIM1",2,0,0,0
"FBN1",1,0,1,0
"FBXL13",3,0,0,0
"FBXL17",1,0,0,0
"FBXL3",3,0,0,0
"FBXO11",1,0,0,0
"FBXO3",2,0,0,0
"FBXW2",1,0,0,0
"FBXW4",0,0,2,0
"FCGRT",1,0,0,0
"FDFT1",0,0,1,0
"FEM1B",0,1,0,0
"FEN1",0,0,2,0
"FER",1,0,0,0
"FETUB",1,0,0,0
"FFAR2",0,1,0,0
"FGF21",1,0,0,0
"FGF5",0,0,1,0
"FGF8",0,0,1,0
"FGFR2",0,0,1,0
"FGFR4",1,0,1,0
"FIBP",1,0,0,0
"FIG4",1,0,0,0
"FIGLA",1,0,0,0
"FIGNL1",2,0,0,0
"FIS1",1,0,0,0
"FKBP1B",2,0,0,0
"FKBP1C",1,0,0,0
"FKBP9",3,0,0,0
"FMNL1",0,0,3,3
"FN1",0,0,0,1
"FNBP1",1,0,0,0
"FNBP4",0,1,0,0
"FNDC4",0,0,0,2
"FNDC8",1,0,0,0
"FNTB",0,0,1,0
"FOLH1",0,0,2,0
"FOSL1",1,0,0,0
"FOXD4L1",0,1,1,0
"FOXG1",0,0,1,0
"FOXN4",0,1,1,0
"FOXP1",0,0,1,0
"FOXP2",3,3,3,0
"FOXP4",2,0,0,0
"FRMPD1",1,0,1,0
"FRS3",1,0,0,0
"FSD2",0,0,0,1
"FSHB",0,0,1,0
"FSHR",1,0,0,0
"FTCDNL1",1,0,0,0
"FTH1",0,0,1,0
"FTL",1,0,0,0
"FTO",3,0,3,0
"FUT1",1,0,0,0
"FUT10",1,0,0,0
"FUT2",2,0,0,0
"FUT5",1,0,0,0
"FUT6",1,0,0,0
"FXR1",1,0,0,0
"FXR2",1,0,0,0
"FYB2",0,1,1,0
"FZD2",0,0,1,2
"FZD4",0,0,1,0
"G3BP1",1,0,0,0
"GABBR1",0,0,1,0
"GABPB2",1,0,0,0
"GABRR1",0,0,2,0
"GAL3ST3",1,0,0,0
"GALNT15",1,0,0,0
"GALNT3",0,0,1,0
"GALNT4",1,0,0,0
"GAP43",1,0,0,0
"GAPVD1",0,0,0,1
"GARS1",1,0,0,0
"GAS2L2",1,0,0,0
"GATA4",0,0,2,0
"GATC",2,0,0,0
"GATM",1,0,1,0
"GBF1",0,1,0,0
"GBP2",0,1,0,1
"GBP4",0,0,0,1
"GBP5",0,0,0,1
"GBP6",1,0,0,1
"GBP7",0,0,0,1
"GCFC2",1,0,0,0
"GCKR",0,0,0,3
"GCLC",1,0,1,1
"GCM2",1,0,0,0
"GCN1",1,0,0,0
"GEMIN5",1,0,0,0
"GFAP",0,1,1,2
"GFI1",1,0,0,1
"GFPT1",1,0,0,0
"GFRA3",0,0,1,0
"GFRAL",2,0,0,2
"GGA2",1,0,0,0
"GGNBP1",0,0,1,0
"GHRHR",1,0,0,0
"GID4",1,0,0,1
"GIN1",0,3,3,0
"GIT1",0,1,0,0
"GJB4",0,0,1,0
"GJB5",0,0,1,0
"GJC1",0,0,1,1
"GKAP1",1,0,0,0
"GLG1",1,0,0,0
"GLO1",0,1,0,0
"GLRA1",2,0,0,0
"GLRX3",0,0,0,1
"GLS",2,0,0,0
"GLYAT",2,0,0,0
"GLYATL1",2,0,0,0
"GLYATL2",1,0,0,0
"GMCL1",1,0,0,0
"GMPPB",2,3,0,0
"GNAI2",3,2,0,0
"GNAI3",3,0,0,0
"GNAO1",1,0,3,0
"GNAT1",2,2,0,0
"GNAT2",2,0,0,0
"GNB1",0,1,0,0
"GNE",1,0,0,0
"GNG8",1,0,0,0
"GNL3",1,1,0,0
"GOLGA1",0,0,0,1
"GOLGA2",1,0,0,0
"GOLGA6L9",0,0,0,1
"GOLPH3L",1,0,0,0
"GOSR1",0,2,0,0
"GOSR2",0,0,2,2
"GOT2",1,0,0,0
"GPC1",1,0,0,0
"GPC6",3,0,0,0
"GPD2",0,0,1,0
"GPER1",0,1,0,0
"GPN1",0,0,0,2
"GPR107",1,0,0,0
"GPR146",0,2,0,0
"GPR150",0,0,0,1
"GPR180",1,0,0,0
"GPR21",1,0,0,0
"GPR26",0,0,1,0
"GPR52",2,0,0,0
"GPR6",1,0,0,0
"GPR61",3,0,0,0
"GPR75-ASB3",1,0,0,0
"GPR84",1,0,0,0
"GPSM1",1,0,0,0
"GPX1",1,2,0,0
"GPX5",0,0,1,0
"GPX6",0,0,1,0
"GRAMD1B",1,0,1,0
"GRAP2",2,0,0,0
"GRB10",2,0,0,0
"GRHPR",1,0,1,0
"GRIA1",1,0,0,0
"GRID2",0,1,0,0
"GRIK2",0,2,0,0
"GRIK3",0,0,1,0
"GRIK4",1,0,0,0
"GRK2",1,0,0,0
"GRK6",2,0,1,0
"GRM2",2,0,0,0
"GRM4",0,0,1,0
"GRM5",0,0,2,0
"GRN",0,0,1,1
"GSDME",1,0,0,0
"GSTM1",1,0,0,0
"GSTM3",1,0,0,0
"GSTM4",2,0,0,0
"GSTM5",1,0,0,0
"GTDC1",1,0,0,0
"GTF2A1L",2,0,0,0
"GTF2B",0,1,0,0
"GTF3C1",1,0,0,0
"GTF3C3",1,0,0,0
"GTPBP1",1,0,0,0
"GTPBP2",0,0,1,0
"GTSF1",1,0,0,0
"GYS1",1,0,0,0
"H1-1",0,0,1,0
"H1-2",0,0,1,0
"H1-3",0,0,1,0
"H1-5",0,0,3,0
"H1-6",0,0,1,0
"H2AC11",0,0,1,0
"H2AC12",0,0,1,0
"H2AC13",0,0,2,0
"H2AC14",0,0,2,0
"H2AC15",0,0,2,0
"H2AC16",0,0,2,0
"H2AC17",0,0,1,0
"H2AC4",0,0,1,0
"H2AC7",0,0,1,0
"H2AC8",0,0,1,0
"H2AZ1",0,0,1,0
"H2BC11",0,0,2,0
"H2BC12",0,0,2,0
"H2BC13",0,0,2,0
"H2BC14",0,0,2,0
"H2BC15",0,0,2,0
"H2BC17",0,0,1,0
"H2BC3",0,0,1,0
"H2BC5",0,0,1,0
"H2BC9",0,0,1,0
"H3C1",0,0,1,0
"H3C10",0,0,2,0
"H3C11",0,0,2,0
"H3C12",0,0,2,0
"H3C2",0,0,1,0
"H3C3",0,0,1,0
"H3C4",0,0,1,0
"H3C6",0,0,1,0
"H3C7",0,0,1,0
"H3C8",0,0,1,0
"H4C1",0,0,2,0
"H4C11",0,0,1,0
"H4C12",0,0,1,0
"H4C13",0,0,2,0
"H4C2",0,0,1,0
"H4C3",0,0,1,0
"H4C4",0,0,1,0
"H4C5",0,0,1,0
"H4C6",0,0,1,0
"H4C7",0,0,1,0
"H4C8",0,0,1,0
"H4C9",0,0,1,0
"HACE1",0,2,0,0
"HAND1",1,0,0,0
"HCRTR2",2,0,2,1
"HDAC4",1,0,0,0
"HDC",0,0,1,0
"HDGFL3",0,0,0,2
"HEATR9",1,0,0,0
"HECTD4",3,0,0,0
"HEMK1",3,1,0,0
"HES6",2,0,0,0
"HES7",2,0,0,0
"HEXIM1",0,2,1,1
"HEXIM2",0,0,1,1
"HFE",0,0,2,0
"HFM1",1,0,0,2
"HIBCH",2,0,0,0
"HIF1AN",0,0,1,0
"HIGD1B",0,1,2,2
"HIPK3",1,0,0,0
"HLF",0,0,1,0
"HMGB4",0,0,1,0
"HMGN4",0,0,2,0
"HMX2",0,0,1,0
"HMX3",0,0,1,0
"HNF1B",1,0,0,0
"HNMT",0,0,1,0
"HNRNPA0",0,1,2,0
"HNRNPA1",1,0,0,0
"HNRNPD",2,0,0,0
"HNRNPDL",1,0,0,0
"HNRNPK",2,0,0,0
"HOMER2",0,0,0,1
"HOOK1",1,1,1,1
"HORMAD1",2,0,0,0
"HOXB1",1,0,2,1
"HOXB13",1,0,1,0
"HOXB2",2,0,2,1
"HOXB3",2,0,1,0
"HOXB4",2,0,1,0
"HOXB5",1,0,1,0
"HOXB6",1,0,1,0
"HOXB7",1,0,1,0
"HOXB8",1,0,1,0
"HOXB9",1,0,1,0
"HOXC4",1,0,0,0
"HOXC5",1,0,0,0
"HOXC8",1,0,0,0
"HP",2,0,0,0
"HP1BP3",3,0,0,0
"HPR",2,0,0,0
"HPS6",0,0,1,0
"HPSE",1,0,0,0
"HRG",1,0,0,0
"HRH4",1,0,0,0
"HRNR",0,1,0,0
"HS3ST2",1,0,1,0
"HS3ST4",0,0,1,0
"HSD17B12",0,0,3,0
"HSD17B4",1,0,0,0
"HSD17B8",0,0,1,0
"HSPA9",0,0,1,1
"HSPD1",1,0,0,0
"HSPE1-MOB4",1,0,0,0
"HTATIP2",1,0,0,0
"HTR7",0,0,0,1
"HYAL1",3,2,0,0
"HYAL2",2,1,0,0
"HYAL3",3,2,0,0
"ICAM4",1,0,1,0
"IDNK",2,0,0,0
"IER5L",1,0,0,0
"IFI30",1,0,0,0
"IFI44",1,0,0,0
"IFI44L",1,0,0,0
"IFIT1",0,0,0,1
"IFIT1B",0,0,0,1
"IFIT5",0,0,0,1
"IFRD2",3,2,0,0
"IFT172",0,0,0,1
"IGFBPL1",1,0,0,0
"IGFL3",1,0,0,0
"IGSF22",1,0,0,0
"IGSF6",1,0,0,0
"IHO1",2,3,0,0
"IKZF1",1,0,0,0
"IKZF5",0,0,1,0
"IL17A",1,0,0,0
"IL17F",1,0,0,0
"IL1A",0,1,1,0
"IL1F10",0,1,1,0
"IL1RN",0,1,1,0
"IL20RB",0,0,2,0
"IL21R",1,0,0,0
"IL33",1,0,0,0
"IL36B",0,1,1,0
"IL36RN",0,1,1,0
"IL4R",1,0,0,0
"IL7R",1,0,0,0
"IL9",0,1,1,0
"ILF3",2,0,0,0
"ILKAP",2,0,0,0
"IMMP1L",1,0,0,0
"IMPDH2",1,1,0,0
"INA",0,1,0,0
"INKA1",2,2,0,0
"INMT",1,0,0,0
"INPP1",1,0,0,0
"INPP5E",2,0,0,0
"INSC",1,0,0,0
"INSL5",0,0,1,0
"INSYN2A",0,0,0,3
"IP6K1",1,3,0,0
"IP6K2",1,3,0,0
"IP6K3",0,0,1,0
"IPCEF1",1,0,0,0
"IPO9",0,3,0,3
"IQCF3",1,0,0,0
"IQCF6",1,0,0,0
"IQCH",0,3,0,0
"IRX3",2,0,2,0
"IRX5",1,1,1,0
"IRX6",1,1,1,0
"ISCU",1,0,0,0
"ISLR2",0,2,0,0
"IST1",2,0,0,0
"ITGA11",0,1,0,0
"ITGA5",1,0,0,0
"ITGA7",1,0,0,0
"ITGB3",0,0,2,1
"ITPR3",0,0,1,0
"ITPRID1",1,0,0,0
"ITSN2",1,0,0,0
"IZUMO1",2,0,0,0
"JAK1",0,0,1,0
"JHY",3,0,3,0
"JOSD1",1,0,0,0
"KANSL1",0,0,3,3
"KANSL1L",0,0,1,1
"KAT2B",1,0,0,0
"KAZALD1",0,0,1,0
"KBTBD2",2,0,0,0
"KBTBD4",0,1,0,0
"KCNA4",2,0,1,0
"KCNAB1",2,0,0,0
"KCNAB3",1,0,0,0
"KCNH6",1,0,0,0
"KCNH8",1,0,0,0
"KCNU1",1,0,0,0
"KCTD10",0,1,1,0
"KDM2B",1,0,0,0
"KDM3B",0,0,3,0
"KEAP1",2,0,0,0
"KERA",1,0,0,0
"KHDRBS2",3,0,0,0
"KIAA0556",1,0,0,0
"KIAA0825",0,0,0,1
"KIAA1217",0,0,1,0
"KIAA1549L",1,0,0,0
"KIAA1841",2,1,0,0
"KIF17",2,0,0,0
"KIF18A",1,0,1,0
"KIF20A",0,0,2,0
"KIF20B",0,0,0,1
"KIF27",2,0,0,0
"KIF2B",1,0,1,0
"KIF5C",1,0,0,0
"KIFC1",0,0,2,0
"KIRREL3",2,0,0,0
"KITLG",1,0,0,0
"KLC2",3,0,0,0
"KLHDC3",0,0,1,0
"KLHDC8B",2,2,0,0
"KLHL20",1,0,0,0
"KLHL29",2,0,0,0
"KLHL3",0,1,2,0
"KLHL30",2,0,0,0
"KLHL31",1,0,1,1
"KMT2E",1,0,0,0
"KPNA4",1,0,0,0
"KPNB1",1,0,3,1
"KRBA2",1,0,0,0
"KRI1",2,0,0,0
"KRTCAP3",0,0,0,2
"KSR2",0,0,1,1
"KY",0,0,1,0
"L1TD1",1,0,0,1
"LAMB2",0,2,0,0
"LANCL1",0,0,1,1
"LAP3",0,0,1,0
"LBX1",0,0,1,0
"LCMT1",1,0,0,0
"LCNL1",1,0,0,0
"LCORL",0,0,1,0
"LCTL",0,1,0,0
"LDAH",1,0,0,0
"LDB1",0,1,1,0
"LECT2",0,1,0,0
"LEKR1",2,0,0,0
"LGR4",1,0,0,0
"LGSN",1,0,0,0
"LHB",1,0,0,0
"LHCGR",3,0,0,0
"LHFPL3",1,0,0,0
"LHX2",1,0,0,1
"LIG3",1,0,0,0
"LIMD2",1,0,0,0
"LIN28B",0,3,0,0
"LIN7C",2,0,1,0
"LINC00692",1,0,0,0
"LINC01118",0,0,0,1
"LINC01119",0,0,0,1
"LINC01465",1,0,0,0
"LINC01550",1,0,0,0
"LINC01551",0,0,1,0
"LINC01556",0,0,2,0
"LINC01561",0,0,1,0
"LINC01590",0,0,1,0
"LINC02876",1,0,1,0
"LINGO4",0,2,0,0
"LIPA",0,0,0,1
"LIPK",0,0,0,1
"LIPN",0,0,0,1
"LMAN2",1,0,2,0
"LMO3",1,0,0,0
"LMO4",0,1,0,0
"LMO7",1,0,0,0
"LMO7DN",1,0,0,0
"LMOD1",0,3,0,3
"LMX1B",0,0,0,1
"LONP1",1,0,0,0
"LORICRIN",0,1,0,0
"LOXL1",0,2,0,0
"LPCAT2",1,0,1,0
"LPXN",2,0,0,0
"LRFN4",1,0,0,0
"LRFN5",1,0,0,0
"LRGUK",2,0,1,0
"LRP1",0,1,0,0
"LRP4",0,1,0,0
"LRPPRC",2,0,0,0
"LRRC1",1,0,1,1
"LRRC17",3,0,0,0
"LRRC25",1,0,0,0
"LRRC37A",0,0,3,3
"LRRC37A2",0,1,2,3
"LRRC37A3",0,1,1,1
"LRRC3B",1,0,0,0
"LRRC40",1,0,0,0
"LRRC46",1,0,0,0
"LRRC55",1,0,0,0
"LRRC7",1,0,0,0
"LRRC73",0,0,1,0
"LRRC8B",0,0,0,1
"LRRFIP1",1,0,0,0
"LRRIQ1",0,1,0,0
"LRRK2",1,0,0,0
"LRRTM2",0,0,1,1
"LRRTM4",2,0,0,0
"LRWD1",2,0,0,0
"LSM4",1,0,0,0
"LSM5",1,0,0,0
"LSMEM2",3,1,0,0
"LTBP3",1,0,0,0
"LUM",1,0,0,0
"LYPD6",1,0,0,0
"LYPD6B",1,0,0,0
"LYRM2",0,0,1,0
"LYSMD1",2,0,0,0
"LYSMD3",1,1,0,0
"LYZL6",1,0,0,0
"MACIR",0,1,1,0
"MAD1L1",0,0,1,0
"MAD2L1BP",0,0,1,0
"MADD",0,1,0,0
"MAK",1,0,0,0
"MALRD1",0,0,1,0
"MAMSTR",2,0,0,0
"MANF",2,0,0,0
"MAP2",0,0,3,0
"MAP2K5",0,3,0,0
"MAP3K3",1,0,0,0
"MAP3K7",0,0,1,0
"MAP4",1,0,0,0
"MAPKAP1",0,0,0,3
"MAPKAPK3",3,1,0,0
"MAPKAPK5",2,0,0,0
"MAPRE2",1,0,0,0
"MAPT",0,1,3,3
"MARCHF10",1,0,0,0
"MARK1",0,0,0,1
"MARS2",2,0,0,0
"MARVELD3",1,0,0,0
"MAS1L",0,0,1,0
"MATR3",0,0,0,1
"MAX",0,0,2,0
"MBD5",1,0,0,0
"MBLAC2",1,1,0,0
"MBOAT2",0,0,2,0
"MCFD2",0,0,0,1
"MCHR1",1,0,0,0
"MCHR2",0,1,0,0
"MCL1",2,0,0,0
"MCM3",1,0,0,0
"MDFI",1,0,0,0
"MDFIC",1,1,2,0
"MDGA1",0,2,0,0
"MEA1",0,0,1,0
"MED19",2,0,0,0
"MED28",0,0,1,0
"MED9",1,0,0,1
"MEF2C",2,0,0,0
"MEGF11",0,1,0,0
"MEI1",2,0,0,0
"MEIOC",0,1,1,1
"MEIS1",2,3,0,0
"MET",1,1,1,0
"METTL15",2,0,1,0
"METTL24",1,0,0,0
"METTL25",0,1,0,0
"METTL9",1,0,0,0
"MEX3B",0,0,0,2
"MFAP3",1,0,0,0
"MFHAS1",3,0,3,0
"MFSD13A",0,2,0,0
"MFSD14B",0,1,0,0
"MFSD2B",2,0,0,0
"MFSD6",2,0,0,0
"MGAT3",1,0,0,0
"MGST1",1,0,0,0
"MICALL2",0,1,0,0
"MIEF1",1,0,0,0
"MIGA2",2,0,0,0
"MINDY4",1,0,0,0
"MIR1915HG",0,0,3,0
"MIR3654",0,0,1,0
"MKI67",0,0,0,1
"MLEC",1,0,0,0
"MLF1",1,0,0,0
"MLIP",1,0,1,1
"MLLT10",0,0,2,0
"MLPH",1,0,0,0
"MLXIP",1,0,0,0
"MMAB",0,1,1,0
"MMD",0,0,1,0
"MMP13",0,0,1,0
"MMP2",1,1,1,0
"MMP21",0,0,0,1
"MMP28",1,0,0,0
"MMP7",0,0,1,0
"MOB4",1,0,0,0
"MON1A",3,3,0,0
"MON2",1,0,0,0
"MOSPD3",1,0,0,0
"MPEG1",1,0,0,0
"MPP3",0,0,1,1
"MPP6",1,0,0,0
"MPPED2",3,0,0,0
"MRC2",1,0,0,0
"MRGPRX2",1,0,0,0
"MRM2",0,0,1,0
"MRPL10",2,0,0,0
"MRPL19",1,0,0,0
"MRPL22",1,0,0,0
"MRPL4",1,0,0,0
"MRPL41",0,0,2,0
"MRPL49",1,0,0,0
"MRPL9",0,2,0,0
"MRPS14",1,0,0,0
"MRPS21",1,0,0,0
"MRTFA",2,0,0,0
"MS4A10",1,0,0,0
"MS4A15",1,0,0,0
"MSH4",1,0,0,0
"MSL2",0,0,2,0
"MSR1",0,0,1,0
"MSRA",1,0,1,0
"MSRB2",0,0,1,0
"MST1",2,2,0,0
"MST1R",2,3,0,0
"MSTN",1,0,0,0
"MT1B",0,0,1,0
"MT1F",0,0,1,0
"MT1G",0,0,1,0
"MT1H",0,0,1,0
"MT1X",0,0,1,0
"MT2A",0,0,1,0
"MTCH2",0,1,1,0
"MTERF2",1,0,0,0
"MTFR1",0,0,0,1
"MTMR11",1,0,0,0
"MTMR9",0,0,2,0
"MTRF1L",2,0,0,0
"MTRNR2L9",1,0,0,0
"MUC15",0,0,1,0
"MUC19",1,0,0,0
"MUS81",1,0,0,0
"MVB12B",1,0,0,1
"MVK",0,2,2,0
"MXD1",1,0,0,0
"MXD3",1,0,2,0
"MYBPC3",0,2,1,0
"MYCBP2",2,0,0,0
"MYCT1",1,0,0,0
"MYEF2",1,0,1,0
"MYL4",0,0,1,1
"MYO15A",0,0,0,1
"MYO1H",0,1,1,0
"MYOC",1,0,0,0
"MYOT",0,1,1,0
"MYRF",0,0,3,0
"MZB1",0,0,1,1
"NAA25",1,0,0,0
"NAA35",1,0,0,0
"NAA38",1,0,0,0
"NAA50",1,0,0,0
"NAB1",2,0,0,0
"NAB2",0,1,0,0
"NADK",0,2,0,0
"NAGA",2,0,0,0
"NAPEPLD",2,0,0,0
"NAV1",0,3,0,3
"NAV2",1,0,0,0
"NBPF1",1,0,0,0
"NBPF3",1,0,0,0
"NCAPG",0,0,1,0
"NCK1",0,0,2,0
"NCKIPSD",2,3,0,0
"NCR3LG1",1,0,0,0
"NDOR1",0,0,1,0
"NDST3",1,0,0,0
"NDUFA10",1,0,0,0
"NDUFA11",1,0,0,0
"NDUFA6",2,0,0,0
"NDUFAB1",1,0,0,0
"NDUFAF3",1,2,0,0
"NDUFB8",0,0,1,0
"NDUFS3",0,2,0,0
"NEBL",0,0,1,0
"NEDD9",1,0,0,0
"NEGR1",1,0,0,0
"NEIL2",0,0,1,0
"NEK3",0,1,0,0
"NEK6",3,0,0,0
"NEMP2",2,0,0,0
"NEUROD6",1,0,0,0
"NEUROG1",0,1,0,0
"NFAM1",2,0,0,0
"NFE2",1,0,0,0
"NFE2L1",3,0,1,0
"NFIA",1,0,0,1
"NFKB2",0,1,0,0
"NGLY1",1,0,0,0
"NICN1",1,2,0,0
"NINJ1",0,1,0,0
"NKAPL",0,0,2,0
"NKD1",1,1,0,0
"NKIRAS1",1,0,0,0
"NLE1",1,0,0,0
"NMD3",3,0,0,0
"NME5",0,0,1,0
"NME6",1,2,0,0
"NMI",1,0,0,0
"NMNAT2",1,0,0,0
"NMRK1",1,0,0,0
"NMT1",0,2,2,2
"NMUR2",3,0,0,0
"NNMT",1,0,1,0
"NOG",1,0,0,0
"NOL11",1,0,0,0
"NOL4",2,0,0,0
"NOLC1",0,1,0,0
"NOS1",0,0,1,1
"NOTCH1",2,0,0,0
"NOVA1",0,0,3,0
"NOX4",0,0,1,0
"NPAS4",1,0,0,0
"NPEPPS",0,0,3,0
"NPHP3",1,0,0,0
"NPHS2",1,0,0,0
"NPM3",0,0,1,0
"NPRL2",2,2,0,0
"NPS",0,0,0,1
"NPSR1",1,0,0,0
"NPTXR",1,0,0,0
"NPVF",1,0,0,0
"NPY",1,0,0,0
"NR1D2",1,0,0,0
"NR1H3",0,2,0,0
"NR2F1",0,0,0,2
"NR5A1",1,0,0,0
"NR6A1",1,0,0,0
"NRBF2",0,0,1,0
"NRBP1",0,0,0,2
"NRTN",1,0,0,0
"NRXN1",2,0,0,0
"NSD1",0,0,1,0
"NSF",0,0,2,2
"NSMCE1",1,0,0,0
"NSUN6",0,0,1,0
"NT5C2",0,3,0,0
"NT5C3A",3,0,0,0
"NTMT1",1,0,0,0
"NTN5",1,0,0,0
"NTNG1",0,1,0,0
"NUDT12",1,1,1,0
"NUDT21",1,0,1,0
"NUDT3",0,0,1,0
"NUP160",0,1,1,0
"NUP93",0,0,1,0
"NXPE2",0,0,1,0
"NXPH2",0,0,1,0
"OASL",1,0,0,0
"OAT",0,0,1,1
"OAZ3",0,2,0,0
"OC90",0,0,0,1
"OGA",0,0,1,0
"OGFOD1",1,0,1,0
"OLFM2",0,0,3,0
"OLFM4",0,2,0,1
"OLFML2A",1,0,0,0
"OMA1",0,1,1,0
"OPRM1",1,0,0,0
"OR10AD1",1,0,0,0
"OR11A1",0,0,1,0
"OR12D3",0,0,1,0
"OR14J1",0,0,1,0
"OR2B2",0,0,2,0
"OR2B3",0,0,1,0
"OR2B6",0,0,1,0
"OR2H2",0,0,2,0
"OR2J1",0,0,1,0
"OR2J3",0,0,1,0
"OR4B1",0,0,1,0
"OR4C12",0,0,1,0
"OR4C13",0,0,1,0
"OR4D10",1,0,0,0
"OR4D11",1,0,0,0
"OR4X2",0,0,1,0
"OR5B12",1,0,0,0
"OR5V1",0,0,1,0
"OR6B2",1,0,0,0
"OR6B3",1,0,0,0
"OR6Q1",1,0,0,0
"OR6X1",1,0,1,0
"OR9I1",1,0,0,0
"OR9Q1",1,0,0,0
"OR9Q2",1,0,0,0
"ORAI1",1,0,0,0
"ORAI2",2,0,0,0
"ORC3",0,0,1,0
"ORC4",1,0,0,0
"ORC5",1,0,0,0
"ORMDL1",1,0,0,0
"OSBP",1,0,0,0
"OSBPL3",1,0,0,0
"OSBPL7",1,0,1,0
"OSGEPL1",1,0,0,0
"OSTF1",1,0,0,0
"OTOA",1,0,0,0
"OTOS",1,0,0,0
"OVOL3",0,1,0,0
"OXR1",0,0,0,1
"OXSM",1,0,0,0
"P2RX4",1,0,0,0
"P2RX7",1,0,0,0
"P2RY11",0,0,1,0
"P4HTM",2,3,0,0
"PA2G4",1,0,0,0
"PACRG",1,0,0,0
"PACS1",2,0,0,0
"PAIP2",0,0,1,1
"PALB2",1,0,0,0
"PALMD",0,0,1,0
"PAM",0,3,3,0
"PANK1",0,0,0,1
"PAPOLG",0,1,1,0
"PAPPA2",1,0,0,0
"PAQR3",0,0,1,0
"PAQR5",0,1,0,0
"PATJ",2,0,0,2
"PATL1",1,0,0,0
"PAX5",2,0,1,0
"PAX6",1,0,0,0
"PAX8",0,1,3,0
"PBRM1",1,1,0,0
"PBX3",0,0,0,2
"PCBP1",1,0,0,0
"PCCB",0,0,2,0
"PCDH10",1,0,0,0
"PCDH17",1,1,0,0
"PCDH8",0,2,0,1
"PCGF5",0,0,0,1
"PCGF6",0,1,0,0
"PCMTD1",1,0,0,0
"PCYOX1",1,0,0,0
"PDCD11",0,2,0,0
"PDCD7",0,1,0,0
"PDE1C",3,0,0,0
"PDE4B",0,0,1,0
"PDLIM7",0,0,1,0
"PEMT",2,0,0,0
"PER1",1,0,0,0
"PER2",1,0,0,0
"PER3",2,0,0,0
"PEX12",2,0,0,0
"PEX13",1,0,0,0
"PEX2",1,0,0,0
"PEX5L",1,0,0,0
"PFAS",2,0,0,0
"PFDN6",0,0,1,0
"PFKFB4",1,1,0,0
"PFN3",1,0,1,0
"PFN4",1,0,0,0
"PGAP1",1,0,0,0
"PGBD1",0,0,3,0
"PGC",1,0,0,0
"PGLYRP4",0,1,0,0
"PGPEP1",2,0,0,0
"PHC2",0,0,1,0
"PHETA2",1,0,0,0
"PHF1",0,0,2,0
"PHF5A",1,0,0,0
"PHLDA3",0,1,0,1
"PHLPP2",1,0,0,0
"PHOSPHO1",1,0,0,0
"PHYHD1",1,0,0,0
"PHYHIPL",2,0,0,0
"PI4KB",0,1,0,0
"PIAS1",0,1,0,0
"PIGC",1,0,0,0
"PIGF",0,0,0,2
"PIGH",0,0,1,0
"PIGK",2,0,0,0
"PIK3C3",1,0,0,0
"PIN1",1,0,1,0
"PIP4K2A",0,0,1,0
"PIP5K1A",0,1,0,0
"PITPNC1",2,0,0,0
"PITX3",0,1,1,0
"PKD2L1",0,0,1,0
"PKD2L2",0,1,1,0
"PKHD1",1,0,0,0
"PKIA",1,0,0,0
"PKN2",1,1,0,1
"PKP1",0,1,0,1
"PKP2",3,0,0,0
"PLA2G1B",1,0,0,0
"PLA2G4C",1,0,0,0
"PLB1",0,0,0,1
"PLBD1",1,0,0,0
"PLCD3",0,3,1,1
"PLCL1",3,0,0,0
"PLCL2",1,0,0,0
"PLEKHA1",0,0,1,0
"PLEKHA7",1,0,0,0
"PLEKHM1",0,0,3,3
"PLEKHM2",3,0,0,0
"PLEKHO1",1,0,0,0
"PLK1",1,0,1,0
"PLOD3",1,0,0,0
"PLPBP",1,0,0,0
"PLPPR5",1,0,0,0
"PLXDC2",0,0,1,0
"PLXNA4",1,0,1,0
"PLXNB1",2,2,0,0
"PM20D2",0,0,2,0
"PMFBP1",3,0,0,0
"PML",0,2,0,0
"PMM2",0,0,1,0
"PMPCA",2,0,0,0
"PMPCB",3,0,0,0
"PMS1",1,0,0,0
"PNMA8A",1,0,0,0
"PNMA8B",2,0,0,0
"PNO1",1,1,0,0
"PNPLA7",0,0,2,0
"PNPO",2,0,2,1
"PNPT1",0,0,1,0
"PNRC1",0,0,2,0
"POC1A",1,0,0,0
"POC1B",2,0,0,0
"POC1B-GALNT4",1,0,0,0
"PODXL",1,0,0,0
"POGZ",0,1,0,0
"POLH",0,0,1,0
"POLL",0,0,2,0
"POLR1C",0,0,1,0
"POLR1E",1,0,0,0
"POLR2I",0,1,0,0
"POLR2J",2,0,0,0
"POLR2J2",2,0,0,0
"POLR2J3",1,0,0,0
"POLR3B",1,0,0,0
"POLR3G",1,1,0,0
"POM121L12",1,0,0,0
"POM121L2",0,0,1,0
"POP5",2,0,0,0
"POPDC3",0,1,0,0
"POU4F1",1,0,0,0
"POU5F2",0,0,0,1
"PPA2",0,1,0,0
"PPAN",0,0,1,0
"PPAN-P2RY11",0,0,1,0
"PPFIA2",0,1,0,0
"PPIP5K2",0,2,2,0
"PPM1B",2,0,0,0
"PPM1G",0,0,0,1
"PPM1L",3,0,0,0
"PPM1M",1,0,0,0
"PPP1R14A",0,1,0,0
"PPP1R17",2,0,0,0
"PPP1R21",1,0,0,0
"PPP1R3A",1,1,1,0
"PPP1R3B",1,0,1,0
"PPP2R3A",0,0,3,0
"PPP3CA",0,0,1,0
"PPP3R1",1,1,0,0
"PPP4R3B",0,0,1,0
"PPP5D1",1,0,0,0
"PPP6C",0,0,0,1
"PPRC1",0,1,0,0
"PRAC1",1,0,1,0
"PRAG1",1,0,0,0
"PRDM4",1,0,0,0
"PRDM8",0,0,1,0
"PRDX6",1,0,0,0
"PRELID1",1,0,1,0
"PREP",0,1,0,0
"PREPL",3,0,0,0
"PRG2",1,0,0,0
"PRG3",1,0,0,0
"PRICKLE4",1,0,0,0
"PRKAR2A",0,2,0,0
"PRKCB",1,0,3,0
"PRKCE",1,0,0,1
"PRKG2",0,0,2,0
"PRKN",1,0,0,0
"PRKRIP1",1,0,0,0
"PRLR",2,0,0,0
"PRMT3",1,0,0,0
"PRMT6",0,1,0,0
"PROB1",0,0,1,2
"PROKR1",1,1,0,0
"PRPF3",1,0,0,0
"PRR15L",2,0,2,1
"PRR21",1,0,0,0
"PRR7",2,0,1,0
"PRRC2C",1,0,0,0
"PRSS16",0,0,2,0
"PRSS55",1,0,1,0
"PSD4",0,2,3,0
"PSMA1",1,0,0,0
"PSMA5",1,0,0,0
"PSMB4",0,1,0,0
"PSMB7",3,0,0,0
"PSMC2",3,0,0,0
"PSMC3",0,3,0,0
"PSMD7",1,0,0,0
"PSME3",0,0,1,1
"PSMG3",0,0,1,0
"PTBP2",2,0,1,0
"PTCRA",0,0,1,0
"PTGDS",1,0,0,0
"PTGER3",3,0,0,0
"PTGES",1,0,0,0
"PTGFR",1,0,0,0
"PTH2R",0,0,1,0
"PTK7",0,0,1,0
"PTP4A1",1,0,0,0
"PTPA",3,0,0,0
"PTPMT1",0,1,0,0
"PTPN11",1,0,0,0
"PTPN23",0,1,0,0
"PTPRD",1,0,0,0
"PTPRE",0,0,0,1
"PTPRJ",0,1,2,0
"PTRHD1",1,0,0,0
"PUS10",1,0,0,0
"PUSL1",0,1,0,0
"PWP1",1,0,0,0
"PXDNL",1,0,0,0
"QDPR",0,0,1,0
"QKI",1,0,0,0
"QRICH1",2,2,0,0
"QSER1",1,0,0,0
"QSOX2",1,0,0,0
"QTRT1",1,0,0,0
"QTRT2",1,0,0,0
"RAB11A",0,1,0,0
"RAB15",0,0,1,0
"RAB17",1,0,0,0
"RAB1B",3,0,0,0
"RAB24",1,0,2,0
"RAB27B",0,1,1,0
"RAB35",1,0,0,0
"RAB38",0,0,1,0
"RAB3IL1",0,0,1,0
"RAB5A",1,0,0,0
"RABEPK",0,0,0,1
"RABGAP1",2,0,0,0
"RABGAP1L",3,0,0,0
"RABGGTB",1,0,0,0
"RABL2A",0,0,1,0
"RABL6",1,0,0,0
"RAD21",1,0,0,0
"RAD51D",1,0,0,0
"RAD51L3-RFFL",1,0,0,0
"RAD54L2",2,0,0,0
"RAI1",1,0,0,1
"RALGPS1",0,0,0,1
"RAMAC",0,0,0,1
"RAMP1",1,0,0,0
"RAPGEF5",1,0,0,0
"RAPSN",0,1,0,0
"RARB",1,0,0,0
"RARS2",0,0,1,0
"RASA1",1,1,0,0
"RASA4",1,0,0,0
"RASA4B",1,0,0,0
"RASD1",1,0,0,0
"RASGEF1B",0,0,1,0
"RASIP1",3,0,0,0
"RASL10B",2,0,0,0
"RASSF1",3,2,0,0
"RAVER2",0,0,1,0
"RBBP6",2,0,1,0
"RBFOX1",0,0,2,0
"RBL2",1,1,1,0
"RBM15B",1,0,0,0
"RBM43",1,0,0,0
"RBM44",1,0,0,0
"RBM4B",1,0,0,0
"RBM5",3,3,0,0
"RBM6",3,2,0,0
"RBM7",0,0,1,0
"RC3H1",2,0,0,0
"RC3H2",2,0,0,0
"RCE1",1,0,0,0
"RCN1",1,0,0,0
"RDH5",1,0,0,0
"RDM1",1,0,0,0
"REEP2",0,0,2,0
"REG1A",1,0,0,0
"REG1B",1,0,0,0
"REG3A",1,0,0,0
"REG3G",1,0,0,0
"REL",0,1,0,0
"RELA",1,0,0,0
"RELN",3,0,0,0
"REXO2",0,0,1,0
"RFC4",1,0,0,0
"RFFL",1,0,0,0
"RFTN1",1,0,0,0
"RFTN2",1,0,0,0
"RFWD3",1,0,0,0
"RFX4",1,0,0,0
"RFX5",0,1,0,0
"RGL2",0,0,1,0
"RGS14",1,0,2,0
"RGS17",2,0,0,0
"RHOA",2,2,0,0
"RHOQ",0,0,0,1
"RIC8B",1,0,0,0
"RIF1",1,0,0,0
"RIIAD1",0,2,0,0
"RIN1",1,0,0,0
"RING1",0,0,1,0
"RMI1",3,0,0,0
"RND3",1,0,0,0
"RNF10",1,0,0,0
"RNF122",1,0,0,0
"RNF123",2,2,0,0
"RNF144A",1,0,1,0
"RNF208",1,0,0,0
"RNF4",1,0,0,0
"RNF8",0,1,0,0
"RNGTT",0,0,1,0
"RNPEP",0,2,0,2
"RNPEPL1",1,0,0,0
"ROBO2",2,0,0,0
"RORB",2,0,0,0
"RORC",0,2,0,0
"RP1L1",1,0,1,0
"RP9",2,0,0,0
"RPAP3",1,0,0,0
"RPE",0,0,1,1
"RPE65",1,0,0,0
"RPEL1",0,1,0,0
"RPGRIP1L",1,0,1,0
"RPL15",1,0,0,0
"RPL29",1,0,0,0
"RPL3",1,0,0,0
"RPL35",0,0,0,1
"RPL41",1,0,0,0
"RPL6",1,0,0,0
"RPL7L1",0,0,1,0
"RPLP0",1,0,0,0
"RPP30",0,0,0,1
"RPRD2",3,0,0,0
"RPRML",0,0,1,1
"RPS11",1,0,0,0
"RPS13",1,0,0,0
"RPS17",0,0,0,2
"RPS18",0,0,1,0
"RPS19BP1",1,0,0,0
"RRAGD",0,0,1,0
"RRP36",0,0,1,0
"RRP7A",1,0,0,0
"RSAD2",1,0,1,0
"RSC1A1",2,0,0,0
"RSPO2",0,0,0,1
"RSRC1",1,0,0,0
"RTP2",1,0,0,0
"RUNDC3A",0,0,1,1
"RUVBL2",1,0,0,0
"RWDD3",1,0,1,0
"RXRB",0,0,1,0
"RXYLT1",1,0,0,0
"RYK",0,0,1,0
"S100A10",0,1,0,0
"S100A12",0,1,0,0
"S100A2",0,1,0,0
"S100A9",0,1,0,0
"S1PR5",2,0,0,0
"SALL1",0,1,0,0
"SAMD12",1,0,0,0
"SAP30L",1,0,0,0
"SARS1",1,0,0,0
"SART3",1,0,0,0
"SATB1",2,0,0,0
"SATB2",1,0,0,0
"SAXO2",0,0,0,2
"SC5D",1,0,1,0
"SCAF11",3,0,0,0
"SCAI",0,0,0,1
"SCAP",1,0,0,0
"SCD",0,0,1,0
"SCEL",1,0,0,0
"SCFD1",0,0,1,0
"SCGB2A1",0,0,1,0
"SCGB2B2",0,1,0,0
"SCGN",0,0,1,0
"SCHIP1",1,0,0,0
"SCLY",2,0,0,0
"SCN1A",0,0,1,0
"SCN2A",0,0,1,0
"SCNM1",1,0,0,0
"SCNN1G",1,0,0,0
"SCRN2",1,0,1,0
"SCYL1",1,0,0,0
"SEC11C",1,0,0,0
"SEC16A",2,0,0,0
"SEC31B",0,0,1,0
"SECISBP2L",0,0,1,0
"SEL1L",0,0,0,1
"SELENOH",1,0,0,0
"SEM1",3,0,0,0
"SEMA3F",3,3,0,0
"SEMA6A",2,0,0,0
"SEMA6C",1,0,0,0
"SEMA6D",2,0,2,0
"SEPTIN3",1,0,0,0
"SERPINC1",2,0,0,0
"SETD3",1,0,0,0
"SETDB1",2,0,0,0
"SF3B1",1,0,0,0
"SF3B2",2,0,0,0
"SF3B4",1,0,0,0
"SF3B6",1,0,0,0
"SFXN2",0,2,0,0
"SFXN5",1,0,0,0
"SGCZ",0,0,2,0
"SGIP1",0,0,2,0
"SGO1",1,0,0,0
"SGSM3",1,0,0,0
"SH2B2",1,0,0,0
"SH2B3",1,0,0,0
"SH2D5",2,0,0,0
"SH3GLB1",0,1,0,0
"SH3GLB2",2,0,0,0
"SHBG",1,0,0,0
"SHFL",0,0,1,0
"SHISA4",0,2,0,2
"SHISA5",0,1,0,0
"SHOX2",1,0,0,0
"SIL1",0,0,1,3
"SIM1",0,1,0,0
"SIPA1",1,0,0,0
"SIPA1L3",0,2,0,0
"SIRT4",1,0,0,0
"SIX2",1,0,0,0
"SIX3",1,0,0,0
"SKAP1",3,0,1,0
"SKIDA1",0,0,2,0
"SKOR1",0,2,0,0
"SLA",0,0,0,1
"SLAIN1",1,0,0,0
"SLC12A1",1,0,1,0
"SLC16A12",0,0,0,1
"SLC17A1",0,0,1,0
"SLC17A2",0,0,1,0
"SLC17A3",0,0,1,0
"SLC23A1",0,0,0,2
"SLC24A5",1,0,1,0
"SLC25A13",1,0,0,0
"SLC25A17",1,0,0,0
"SLC25A20",0,1,0,0
"SLC25A29",1,0,0,0
"SLC25A34",2,0,0,0
"SLC25A35",1,0,1,0
"SLC25A39",0,1,1,1
"SLC25A48",0,1,1,0
"SLC26A5",3,0,0,0
"SLC26A6",0,2,0,0
"SLC28A3",1,0,0,0
"SLC29A2",1,0,0,0
"SLC2A13",1,0,0,0
"SLC30A8",1,0,0,0
"SLC34A1",1,0,1,0
"SLC35A1",0,0,1,0
"SLC35B4",2,0,1,0
"SLC35E2A",0,1,0,0
"SLC35G2",0,0,2,0
"SLC35G3",1,0,0,0
"SLC35G5",1,0,2,0
"SLC36A1",1,0,0,0
"SLC36A2",1,0,0,0
"SLC38A4",1,0,0,0
"SLC39A13",0,1,1,0
"SLC39A7",0,0,1,0
"SLC39A8",0,0,1,0
"SLC3A1",2,0,0,0
"SLC40A1",1,0,0,0
"SLC43A1",1,0,0,0
"SLC43A3",1,0,0,0
"SLC44A2",3,0,0,0
"SLC4A1AP",0,0,0,1
"SLC5A11",1,0,0,0
"SLC66A1L",1,0,0,0
"SLC6A15",0,1,0,0
"SLC6A2",1,0,1,0
"SLC6A4",0,1,0,0
"SLC8A1",0,0,2,0
"SLC9B1",0,0,1,0
"SLC9B2",0,0,1,0
"SLC9C2",2,0,0,0
"SLCO4C1",0,1,2,0
"SLCO6A1",0,1,1,0
"SLF1",0,0,0,1
"SLF2",0,0,1,0
"SLFN12",1,0,0,0
"SLFN12L",2,0,0,0
"SLFN14",1,0,0,0
"SLFN5",1,0,0,0
"SLIT2",0,0,1,0
"SMAD3",0,2,0,0
"SMAD5",0,3,0,0
"SMAD6",0,1,0,0
"SMARCA4",1,0,0,0
"SMDT1",2,0,0,0
"SMIM13",1,0,0,0
"SMTNL1",1,0,0,0
"SMUG1",1,0,0,0
"SNAPC4",2,0,0,0
"SNAPC5",0,1,0,0
"SNRNP27",1,0,0,0
"SNTG1",1,0,0,0
"SNU13",1,0,0,0
"SNX11",3,0,2,0
"SNX17",0,0,0,1
"SNX27",0,2,0,0
"SNX32",1,0,0,0
"SNX7",1,0,1,0
"SOAT1",3,0,0,0
"SOCS5",0,0,0,1
"SORL1",1,0,1,0
"SOX11",1,0,0,0
"SOX14",0,0,1,0
"SOX2",1,0,0,0
"SOX5",2,0,0,0
"SOX6",2,0,0,0
"SP2",1,0,1,0
"SP6",2,0,1,1
"SPAG6",0,0,1,0
"SPATA24",0,0,1,2
"SPATA32",0,0,2,2
"SPATA48",1,0,0,0
"SPATA5L1",1,0,1,0
"SPDYE2",1,0,0,0
"SPEF2",1,0,0,0
"SPEN",1,0,0,0
"SPESP1",0,1,0,0
"SPHK2",1,0,0,0
"SPI1",0,1,0,0
"SPINT2",0,1,0,0
"SPOCK1",0,1,0,0
"SPOP",1,0,0,0
"SPOPL",0,0,1,0
"SPP2",0,0,0,1
"SPPL2C",0,0,3,3
"SPPL3",1,0,0,0
"SPTSSB",3,0,0,0
"SQOR",0,0,1,0
"SREBF1",0,0,0,2
"SREBF2",1,0,0,0
"SRF",0,0,1,0
"SRGAP1",1,0,0,0
"SRPRB",1,0,1,0
"SRSF11",1,0,0,0
"SRSF12",0,0,2,0
"SRSF9",2,0,0,0
"SS18",1,0,0,0
"SSR3",1,0,0,0
"SSU72",0,1,0,0
"ST13",1,0,0,0
"ST18",2,0,0,0
"ST6GAL1",1,0,0,0
"ST6GALNAC3",1,0,0,0
"ST6GALNAC5",1,0,0,0
"STAG1",0,0,3,0
"STARD5",0,0,0,1
"STARD6",0,1,1,0
"STAT1",1,0,0,0
"STAT4",1,0,0,0
"STAT6",0,1,0,0
"STH",0,0,3,3
"STK31",1,0,0,0
"STOML1",0,2,0,0
"STON1-GTF2A1L",1,0,0,0
"STON2",0,0,0,1
"STPG4",0,0,0,1
"STRA6",0,1,0,0
"STRADA",1,0,0,0
"STRIP1",1,0,0,0
"STXBP4",1,0,1,0
"SUCO",1,0,0,0
"SUFU",0,3,0,0
"SUGT1",0,1,0,0
"SUPT7L",0,0,0,1
"SUSD4",0,0,0,3
"SVOP",1,0,0,0
"SWI5",1,0,0,0
"SWSAP1",1,0,0,0
"SYNGAP1",0,0,2,0
"SYNGR1",1,0,0,0
"SYNRG",1,0,0,0
"SYPL2",2,0,0,0
"SYT10",3,0,0,0
"SYT13",0,0,1,0
"SZRD1",1,0,0,0
"TAB1",1,0,0,0
"TAC1",1,0,0,0
"TACO1",1,0,0,0
"TACSTD2",0,1,1,0
"TADA2A",1,0,0,0
"TAF11",0,0,1,0
"TAF15",1,0,0,0
"TAF5",0,1,0,0
"TAGLN",0,0,1,0
"TANC2",3,0,0,0
"TAPBP",0,0,2,0
"TARS2",3,0,0,0
"TAT",1,0,0,0
"TBC1D21",0,1,0,0
"TBC1D29P",0,1,0,0
"TBC1D4",1,0,0,0
"TBC1D5",2,0,0,0
"TBCB",0,1,0,0
"TBCCD1",1,0,0,0
"TBCEL",1,0,1,0
"TBKBP1",1,0,3,0
"TBX21",0,0,1,1
"TCF20",3,0,0,0
"TCF4",1,2,2,0
"TCL1A",1,0,0,0
"TCP11L1",1,0,0,0
"TCTA",2,2,0,0
"TCTEX1D1",0,0,1,0
"TDRD3",1,0,0,0
"TDRD5",1,0,0,0
"TDRKH",0,2,0,0
"TENM4",0,0,1,0
"TES",1,0,0,0
"TEX261",1,0,0,0
"TEX264",2,0,0,0
"TEX35",1,0,0,0
"TFAP2B",3,0,0,0
"TFAP2D",1,0,0,0
"TFEC",2,1,1,0
"TGDS",1,0,0,0
"TGFA",1,0,0,0
"TGFBI",0,2,0,0
"THEM4",0,1,0,0
"THEM5",0,1,0,0
"THUMPD1",1,0,0,0
"THUMPD2",0,0,1,0
"TIA1",1,0,0,0
"TIFAB",0,1,0,0
"TIGIT",1,0,0,0
"TIMM10",1,0,0,0
"TIMM17A",0,2,0,2
"TIMM44",0,0,1,0
"TINAG",1,0,1,1
"TIPARP",2,0,0,0
"TJAP1",0,0,1,0
"TLE1",0,0,0,1
"TLE4",0,0,0,2
"TLR5",0,0,0,1
"TLR9",1,0,0,0
"TLX1",0,0,1,0
"TLX1NB",0,0,1,0
"TM6SF1",0,0,0,1
"TMA7",2,2,0,0
"TMC3",0,0,0,1
"TMED1",1,0,0,0
"TMEM107",0,0,1,0
"TMEM108",3,0,0,0
"TMEM115",2,1,0,0
"TMEM116",2,0,0,0
"TMEM132A",0,0,1,0
"TMEM132E",1,0,0,0
"TMEM135",0,0,1,0
"TMEM151A",3,0,0,0
"TMEM161B",2,1,0,0
"TMEM170B",1,0,0,0
"TMEM184A",0,1,1,0
"TMEM186",0,0,1,0
"TMEM203",0,0,1,0
"TMEM225",1,0,1,0
"TMEM233",0,0,1,1
"TMEM247",0,0,0,3
"TMEM258",0,0,2,0
"TMEM263",1,0,0,0
"TMEM52",0,1,0,0
"TMEM82",1,0,0,0
"TMEM89",1,1,0,0
"TMEM98",1,0,0,0
"TMIGD1",0,1,0,0
"TMOD4",1,0,0,0
"TMPRSS4",0,0,1,0
"TMTC2",0,1,0,0
"TMTC3",1,0,0,0
"TMX2",1,0,0,0
"TMX2-CTNND1",1,0,0,0
"TNFAIP8",1,0,0,0
"TNFAIP8L2",1,0,0,0
"TNFSF18",1,0,0,0
"TNFSF4",1,0,0,0
"TNIP2",2,0,0,0
"TNKS",3,0,1,0
"TNRC6A",1,0,0,0
"TNRC6B",3,0,0,0
"TOM1L1",1,0,1,0
"TOM1L2",0,0,0,1
"TOMM6",1,0,0,0
"TOP2B",1,0,0,0
"TOPBP1",1,0,0,0
"TOR1B",1,0,0,0
"TOR3A",1,0,0,0
"TOX3",1,2,0,0
"TP53BP2",0,0,0,1
"TP53I3",2,0,0,0
"TPD52L3",1,0,0,0
"TPRG1",1,0,0,0
"TPRN",0,0,1,0
"TRA2A",1,0,0,0
"TRA2B",1,0,0,0
"TRAF3IP1",3,0,0,0
"TRAFD1",1,0,0,0
"TRAIP",2,3,0,0
"TRAPPC1",1,0,0,0
"TREX1",2,2,0,0
"TRIAP1",1,0,0,0
"TRIM27",0,0,2,0
"TRIM38",0,0,2,0
"TRIM59",1,0,0,0
"TRIM64C",0,0,1,0
"TRIM8",0,2,0,0
"TRPC6",0,0,3,0
"TRPC7",0,1,2,0
"TRPM3",1,0,0,0
"TRPM6",1,0,0,0
"TRPM8",0,0,0,1
"TRPS1",2,0,0,0
"TRPV4",0,1,1,0
"TSPAN17",1,0,0,0
"TSPAN19",0,1,0,0
"TTC12",0,0,1,0
"TTC17",0,0,1,0
"TTC21B",0,0,1,0
"TTC7A",0,0,0,1
"TTLL6",1,0,1,0
"TUFT1",1,2,0,0
"TUSC2",3,1,0,0
"TUSC3",0,0,1,0
"TUT1",0,0,1,0
"TVP23B",0,0,0,1
"TWF2",1,0,0,0
"TWIST2",1,0,0,0
"TXNL1",1,1,1,0
"TXNL4B",2,0,0,0
"TYR",0,0,1,0
"UBA5",1,0,0,0
"UBA7",2,2,0,0
"UBAP1L",0,1,0,0
"UBD",0,0,1,0
"UBE2D2",0,0,1,0
"UBE2E1",1,0,0,0
"UBE2E2",3,0,0,0
"UBE2F",1,0,0,1
"UBE2F-SCLY",1,0,0,1
"UBE2J1",0,0,1,0
"UBE2Z",1,0,1,0
"UBE3B",0,1,1,0
"UBQLN1",1,0,0,0
"UBTF",0,0,1,1
"UBXN2A",3,0,0,0
"UCHL3",1,0,0,0
"UGP2",1,0,0,0
"UNC119B",1,0,0,0
"UNC45B",1,0,0,0
"UNC5D",3,0,0,0
"UNC80",0,0,1,1
"UNG",0,1,1,0
"UPK3BL1",1,0,0,0
"UQCC2",0,0,1,0
"UQCRC1",0,1,0,0
"UROS",0,0,0,1
"USF3",1,0,0,0
"USP17L2",0,0,1,0
"USP19",1,2,0,0
"USP24",0,1,1,0
"USP30",1,0,0,0
"USP31",3,0,0,0
"USP32",1,0,0,0
"USP33",1,0,0,0
"USP34",2,0,0,0
"USP4",0,1,0,0
"UTP23",1,0,0,0
"VAMP2",2,0,1,0
"VAMP3",1,0,0,0
"VAMP4",1,0,0,0
"VEPH1",1,0,0,0
"VIP",2,0,0,0
"VMAC",1,0,0,0
"VPS52",0,0,2,0
"VRK2",1,2,3,0
"VTI1B",0,0,1,0
"VWA3A",1,0,0,0
"VWCE",0,0,1,0
"WARS1",1,0,0,0
"WBP1L",0,2,0,0
"WBP2NL",1,0,0,0
"WDCP",2,0,0,0
"WDPCP",1,0,0,0
"WDR25",2,0,0,0
"WDR38",0,0,0,1
"WDR46",0,0,2,0
"WDR6",2,3,0,0
"WDR7",1,1,1,0
"WDR87",0,2,0,0
"WDR92",1,1,0,0
"WHAMM",0,0,0,1
"WIPI1",1,0,0,0
"WNK2",0,2,0,0
"WNT3",0,0,3,3
"WNT9B",0,0,1,1
"WRAP53",1,0,0,0
"WT1",1,0,0,0
"XKR4",1,0,0,0
"XKR6",1,0,2,0
"XPNPEP3",1,0,0,0
"XPO1",2,0,0,0
"XPO5",0,0,1,0
"XPOT",1,0,0,0
"YARS2",1,0,0,0
"YIF1A",3,0,0,0
"YIPF2",1,0,0,0
"YIPF3",0,0,1,0
"YPEL4",1,0,0,0
"ZBED9",0,0,2,0
"ZBTB16",2,0,0,0
"ZBTB17",1,0,0,0
"ZBTB22",0,0,1,0
"ZBTB25",0,0,1,0
"ZBTB26",1,0,0,0
"ZBTB34",0,0,0,1
"ZBTB37",1,0,0,0
"ZBTB43",0,0,0,1
"ZBTB5",1,0,1,0
"ZBTB6",1,0,0,0
"ZBTB9",0,0,1,0
"ZC2HC1A",1,0,0,0
"ZC3H10",1,0,0,0
"ZCCHC7",3,0,2,0
"ZDHHC12",1,0,0,0
"ZDHHC13",2,0,0,0
"ZDHHC2",0,0,1,0
"ZDHHC23",1,0,0,0
"ZDHHC5",1,0,0,0
"ZEB2",1,0,0,0
"ZFAND2A",0,2,0,0
"ZFHX3",1,0,0,0
"ZFHX4",1,0,0,0
"ZFP14",0,1,0,0
"ZFP30",0,2,0,0
"ZFP82",0,1,0,0
"ZFP91",3,0,0,0
"ZFP91-CNTF",2,0,0,0
"ZFPM2",0,0,0,1
"ZKSCAN2",1,0,0,0
"ZKSCAN3",0,0,3,0
"ZKSCAN4",0,0,2,0
"ZKSCAN8",0,0,2,0
"ZMYND10",2,1,0,0
"ZMYND19",0,0,2,0
"ZNF121",0,0,1,0
"ZNF146",0,1,0,0
"ZNF165",0,0,2,0
"ZNF181",0,1,0,0
"ZNF184",0,0,1,0
"ZNF19",2,0,0,0
"ZNF202",1,0,1,0
"ZNF23",2,0,0,0
"ZNF260",0,2,0,0
"ZNF266",0,0,1,0
"ZNF292",0,0,1,0
"ZNF302",0,1,0,0
"ZNF311",0,0,2,0
"ZNF317",0,0,1,0
"ZNF318",0,0,1,0
"ZNF322",0,0,2,0
"ZNF326",0,0,0,1
"ZNF345",0,1,0,0
"ZNF382",0,1,0,0
"ZNF383",0,1,0,0
"ZNF385A",1,0,0,0
"ZNF391",0,0,2,0
"ZNF420",0,3,0,0
"ZNF423",1,0,0,0
"ZNF461",0,1,0,0
"ZNF512",0,0,0,1
"ZNF521",2,0,0,0
"ZNF527",0,2,0,0
"ZNF529",0,2,0,0
"ZNF540",0,1,0,0
"ZNF561",0,0,1,0
"ZNF565",0,1,0,0
"ZNF566",0,2,0,0
"ZNF567",0,2,0,0
"ZNF568",0,3,0,0
"ZNF569",0,1,0,0
"ZNF570",0,1,0,0
"ZNF571",0,2,0,0
"ZNF573",0,1,0,0
"ZNF585A",0,2,0,0
"ZNF585B",0,3,0,0
"ZNF589",3,2,0,0
"ZNF607",0,2,0,0
"ZNF644",1,0,0,1
"ZNF705B",1,0,1,0
"ZNF705G",1,0,1,0
"ZNF717",1,0,0,0
"ZNF781",0,2,0,0
"ZNF790",0,1,0,0
"ZNF793",0,2,0,0
"ZNF80",1,0,0,0
"ZNF821",1,0,0,0
"ZNF829",0,1,0,0
"ZNF830",1,0,0,0
"ZNF846",0,0,1,0
"ZNF850",0,1,0,0
"ZNF875",0,3,0,0
"ZNHIT1",1,0,0,0
"ZNHIT2",1,0,0,0
"ZNHIT3",1,0,0,0
"ZNRD2",1,0,0,0
"ZPBP",1,0,0,0
"ZRANB2",1,0,0,0
"ZSCAN12",0,0,2,0
"ZSCAN16",0,0,2,0
"ZSCAN23",0,0,1,0
"ZSCAN31",0,0,3,0
"ZSCAN9",0,0,2,0
"ZWILCH",0,1,0,0
"ZZZ3",1,0,0,0
